"Situé dans le village médiéval d'Èze, l'Hotel Arc En Ciel est à 12 km de Nice et à 10 km de Monaco. Ses chambres climatisées disposent d'une télévision à écran plat et d'une connexion Wi-Fi gratuite. Toutes les chambres de l'hôtel Arc En Ciel comprennent une salle de bains privative pourvue d'une douche. Un petit-déjeuner continental est également disponible moyennant des frais supplémentaires. Le bar sur place propose des collations. L'Hotel Arc En Ciel se trouve à 5 minutes de marche du jardin botanique d'Èze. Vous pourrez également découvrir les plages sauvages d'Èze situées à 10 minutes en voiture ou vous détendre sur la plage de sable du Larvotto, à 20 minutes de route."
""
"Les couples apprécient particulièrement l'emplacement de cet établissement. Ils lui donnent la note de 9,2 pour un séjour à deux."
""
Les distances indiquées dans la description de l'établissement sont calculées avec © OpenStreetMap.
Ses points forts
Chambres non-fumeurs
Connexion Wi-Fi gratuite
Bar
""
Ce que les clients ont le plus apprécié :
N
Natalie
CanadaCanada
« Cecilia est full accueillante et tellement avenante. Elle fait tout pour que nous soyons bien heureux et satisfait de notre séjour ! Merci pour tes précieux conseils et peut-être à bientôt! ;-) »
En savoir plus
""
Coralie
FranceFrance
"« Accueil chaleureux et souriant, chambre propre, rien à dire. Merci !😊 Je recommande. »"
En savoir plus
J
Jeremie
FranceFrance
« Personnel très sympathique.
Emplacement idéal au pied du village. »
En savoir plus
""
Environs de l'hôtel
""
Consulter les dates disponibles
""
Les clients ont adoré se promener dans le quartier !
Excellent emplacement - voir la carte
Meilleures attractions
Place Garibaldi
9 km
MAMAC (Musée d'art moderne et d'art contemporain)
9 km
Palais Lascaris
9 km
Phare du cap Ferrat
10 km
Colline du Château (Nice)
10 km
Promenade du Paillon
10 km
Jardin Albert-Ier
11 km
Place Masséna
11 km
Villa E-1027
13 km
Jean-Cocteau Museum
17 km
Restaurants et cafés
RestaurantMets et Vins Chics
1 m
RestaurantL'Antre Potes
20 m
RestaurantLe Pinocchio
20 m
Environnement naturel
ForêtBois du Marquis
7 km
Plages à proximité
Plage d’Èze
"2,1 km"
Plage des Criques du Cap Estel
"2,7 km"
Plage de Mala
"3,3 km"
Plage des Pissarelles
"3,7 km"
Plage de la Petite Afrique
"4,4 km"
Transports en commun
TrainÈze
"2,2 km"
TrainGare de Cap d'Ail
"4,5 km"
Aéroports les plus proches
Héliport de Monaco
6 km
Aéroport de Nice-Côte d'Azur
16 km
""
Équipements de l'établissement Hotel Arc En Ciel
""
Consulter les dates disponibles
Ses points forts
Chambres non-fumeurs
Connexion Wi-Fi gratuite
Bar
Idéal pour votre séjour
Salle de bains privative
Chambres non-fumeurs
Connexion Wi-Fi gratuite
Climatisation
Télévision à écran plat
Douche
Bar
Salle de bains
Salle de bains privative
Toilettes
Douche
Coin salon
Bureau
High-tech
Télévision à écran plat
Restauration
Snack-bar
Bar
Internet
Une connexion Wi-Fi est disponible dans tout l'établissement gratuitement.
Parking
L'établissement ne dispose pas de parking.
Sécurité
Extincteurs
Détecteurs de fumée
Général
Climatisation
Établissement entièrement non-fumeurs
Chauffage
Moquette
Chambres non-fumeurs
Langues parlées
Anglais
Espagnol
Français
Italien
""
Règles de la maison
L'établissement Hotel Arc En Ciel accepte les demandes spéciales. Ajoutez la vôtre à la prochaine étape !
""
Consulter les dates disponibles
Arrivée
De 14:00 à 17:00
Vous devrez indiquer à l'avance votre heure d'arrivée à l'établissement.
Départ
De 09:00 à 10:00
